lamp_id,count
5907,16
5908,16
5909,17
5910,20
5911,9
5912,10
5913,11
5914,18
5915,11
5916,12
5917,13
5918,14
5919,15
5920,13
5921,17
5922,10
5923,9
5924,12
5925,29
5926,12
5927,16
5928,23
5929,34
5930,32
5931,26
5932,22
5933,9
5934,9
5935,8
5936,16
5937,23
5938,27
5939,35
5940,36
5941,11
5942,32
5943,19
5944,4
5945,6
5946,15
5947,32
5948,5
5949,12
5950,21
5951,22
5952,20
5953,21
5954,28
5955,30
5956,23
5957,22
5958,22
5959,13
5960,45
5961,48
5962,46
5963,49
5964,5
5965,4
5966,50
5967,23
5968,39
5969,35
5970,25
5971,21
5972,25
5973,17
5974,6
5975,26
5976,27
5977,19
5978,25
5979,25
5980,19
5981,18
5982,10
5983,12
5984,10
5985,13
5986,16
5987,15
5988,10
5989,14
5990,16
5991,18
5992,12
5993,11
5994,12
5995,22
5996,24
5997,24
5998,14
5999,17
6000,19
6001,20
6002,19
6003,15
6004,12
6005,12
6006,20
6007,26
6008,27
6009,19
6010,17
6011,17
6012,17
6261,23
6013,17
6014,15
6015,15
6016,15
6017,16
6018,16
6019,13
6020,14
6021,13
6022,13
6023,16
6024,16
6025,13
6026,14
6027,14
6028,10
6029,15
6030,12
6031,13
6032,12
6033,7
6034,7
6035,7
6036,13
6037,14
6038,15
6039,32
6040,7
6041,19
6042,15
6186,20
6043,15
6044,19
6045,19
6046,23
6047,30
6048,13
6049,17
6050,15
6051,10
6052,11
6053,9
6054,31
6055,22
6056,17
6057,15
6058,15
6059,17
6060,17
6061,17
6062,15
6063,27
6064,21
6065,28
6066,5
6067,5
6068,5
6069,7
6070,5
6071,6
6072,10
6073,11
6074,11
6075,24
6076,25
6077,25
6078,27
6079,26
6080,23
6081,21
6082,6
6083,7
6084,9
6085,11
6086,12
6087,8
6088,9
6089,11
6090,10
6091,10
6092,10
6093,17
6094,17
6095,17
6096,15
6097,13
6098,19
6099,15
6100,15
6101,29
6102,22
6103,24
6104,26
6105,20
6106,22
6107,11
6108,19
6109,20
6110,28
6111,27
6112,24
6113,7
6114,6
6115,6
6116,36
6117,13
6118,16
6119,18
6120,8
6121,14
6122,18
6123,14
6124,15
6125,8
6126,9
6127,13
6128,11
6129,16
6130,8
6131,28
6132,18
6133,14
6134,10
6135,6
6136,15
6137,13
6138,12
6139,13
6140,11
6141,13
6142,13
6143,7
6144,12
6145,10
6146,15
6147,10
6148,11
6149,14
6150,12
6151,11
6152,12
6153,13
6154,14
6155,14
6156,8
6157,8
6158,12
6159,18
6160,18
6161,16
6162,11
6163,11
6164,10
6165,11
6166,8
6167,8
6168,10
6169,11
6170,20
6171,9
6172,7
6173,19
6174,16
6175,9
6176,11
6177,10
6178,10
6179,22
6180,20
6181,20
6182,18
6183,14
6184,14
6185,20
6187,20
6188,20
6189,19
6190,20
6191,18
6192,19
6193,17
6194,16
6195,16
6196,12
6197,15
6198,12
6199,8
6200,12
6201,21
6202,24
6203,24
6204,21
6205,36
6206,36
6207,31
6208,25
6209,19
6210,20
6211,23
6212,22
6213,19
6214,18
6215,9
6216,8
6217,6
6218,21
6219,46
6220,41
6221,42
6222,39
6223,19
6224,25
6225,22
6226,15
6227,13
6228,19
6229,25
6230,12
6231,17
6232,20
6233,32
6234,19
6235,1
6236,19
6237,23
6238,9
6239,19
6240,20
6241,4
6242,1
6243,11
6244,24
6245,20
6246,16
6247,33
6248,20
6249,17
6250,34
6251,9
6252,20
6253,23
6254,15
6255,49
6256,23
6257,32
6258,11
6259,21
6260,11
6262,24
6263,15
6264,16
6265,19
6266,18
6267,35
6268,17
6269,19
6270,19
6271,15
6272,5
6273,21
6274,24
6275,36
6276,26
6277,31
6278,23
6279,23
6280,12
6281,13
6282,30
6283,29
6284,9
6285,40
6286,28
6287,30
6288,3
6289,17
6290,19
6291,17
6292,20
6293,23
6294,18
6295,25
6296,41
6297,42
6298,23
6299,39
6300,16
6301,40
6302,13
6303,40
6304,11
6305,12
6306,12
6307,37
6308,39
6309,40
6310,12
6311,5
6312,3
6313,3
6314,3
6315,3
6316,3
6317,4
6318,3
6319,3
6320,11
6321,42
6322,43
6323,43
6324,44
6325,26
6326,6
6327,47
6328,50
6329,40
6330,32
6331,27
6332,25
6333,40
6334,32
6335,44
6336,20
6337,25
6338,26
6339,29
6340,30
6341,27
6342,21
6343,17
6344,14
6345,12
6346,15
6347,29
6348,29
6349,26
6350,19
6351,17
6352,14
6353,13
6354,16
6355,18
6356,13
6357,15
6358,23
6359,22
6360,21
6361,22
6362,23
6363,23
6364,22
6365,21
6366,22
6367,22
6368,14
6369,17
6370,22
6371,22
6372,22
6373,21
6374,21
6375,22
6376,22
6377,22
6378,23
6379,24
6380,27
6381,26
6382,26
6383,31
6384,32
6385,24
6386,26
6387,27
6388,28
6389,31
6390,23
6391,25
6392,26
6393,27
6394,30
6395,18
6396,22
6397,23
6398,22
6399,22
6400,23
6401,21
6402,33
6403,36
6404,37
6405,32
6406,36
6407,15
6408,5
6409,6
6410,5
6411,3
6412,3
6413,3
6414,17
6415,9
6416,10
6417,11
6418,15
6419,8
6420,7
6421,7
6422,7
6423,7
6424,25
6425,23
6426,11
6427,12
6428,13
6429,9
6430,9
6431,10
6432,8
6433,24
6434,29
6435,28
6436,30
6437,29
6438,29
6439,22
6440,32
6441,28
6442,23
6443,23
6444,28
6445,36
6446,34
6447,32
6448,30
6449,29
6450,32
6451,35
6452,31
6453,31
6454,30
6455,32
6456,32
6457,32
6458,30
6459,29
6460,27
6461,27
6462,30
6463,31
6464,29
6465,34
6466,26
6467,31
6468,24
6469,31
6470,32
6471,21
6472,26
6473,24
6474,17
6475,20
6476,20
6477,19
6478,14
6479,15
6480,17
6481,19
6482,24
6483,22
6484,22
6485,22
6486,20
6487,23
6488,23
6489,22
6490,19
6491,20
6492,22
6493,22
6494,20
6495,10
6496,13
6497,11
6498,11
6499,14
6500,13
6501,16
6502,14
6503,11
6504,11
6505,14
6506,12
6507,22
6508,21
6509,25
6543,12
6510,24
6511,22
6512,17
6513,22
6514,20
6515,21
6516,20
6517,30
6518,31
6519,33
6520,28
6521,30
6522,32
6523,31
6524,31
6525,31
6526,28
6527,31
6528,31
6529,29
6530,19
6531,21
6532,21
6533,18
6534,12
6535,9
6536,10
6537,15
6538,31
6539,32
6540,19
6541,5
6542,6
6544,21
6545,19
6546,5
6547,15
6548,16
6549,19
6550,20
6551,21
6552,20
6553,20
6554,20
6555,19
6556,18
6557,17
6558,19
6559,17
6560,16
6561,13
6562,10
6563,12
6564,13
6565,17
6566,11
6567,17
6568,17
6569,17
6570,24
6571,27
6572,26
6573,22
6574,26
6575,11
6576,28
6577,18
6578,16
6579,25
6580,22
6581,18
6582,21
6583,17
6584,17
6585,16
6586,26
6587,23
6588,22
6589,18
6590,13
6591,14
6592,15
6593,14
6594,18
6595,18
6596,30
6597,27
6598,20
6599,12
6600,15
6601,15
6602,15
6603,18
6604,17
6605,16
6606,16
6607,16
6608,15
6609,17
6610,17
6611,17
6612,18
6613,18
6614,15
6615,14
6616,15
6617,17
6618,17
6619,19
6620,17
6621,21
6622,17
6623,17
6624,14
6625,15
6626,15
6627,16
6628,15
6629,16
6630,17
6631,17
6632,14
6633,16
6634,15
6635,15
6636,14
6637,14
6638,13
6639,11
6640,15
6641,14
6642,17
6643,16
6644,13
6645,14
6646,7
6647,9
6648,19
6649,24
6650,42
6651,33
6652,18
6653,8
6654,11
6655,14
6656,14
6657,14
6658,13
6659,11
6660,11
6661,13
6662,13
6663,15
6664,13
6665,48
6666,44
6667,44
6668,50
6669,50
6670,53
6671,54
6672,55
6673,54
6674,52
6675,48
6676,52
6677,49
6678,43
6679,28
6680,22
6681,22
6682,47
6683,42
6684,45
6685,22
6686,31
6687,34
6688,39
6689,16
6690,16
6691,17
6692,16
6693,16
6694,16
6695,17
6696,17
6697,17
6698,17
6699,22
6700,26
6701,25
6702,22
6703,22
6704,23
6705,19
6706,20
6707,19
6708,16
6709,19
6710,22
6711,12
6712,18
6713,22
6714,24
6715,21
6716,17
6717,19
6718,21
6719,20
6720,22
6721,17
6722,20
6723,21
6724,18
6725,35
6726,39
6727,43
6728,38
6729,32
6730,13
6731,13
6732,25
6733,21
6734,26
6735,27
6736,15
6737,15
6738,15
6739,17
6740,14
6741,15
6742,11
6743,8
6744,31
6745,30
6746,24
6747,24
6748,24
6749,25
6750,22
6751,24
6752,28
6753,24
6754,19
6755,23
6756,26
6757,25
6758,20
6759,18
6760,15
6761,11
6762,20
6763,22
6764,29
6765,23
6766,27
6767,29
6768,38
6769,29
6770,12
6771,17
6772,16
6773,14
6774,14
6775,21
6776,20
6777,22
6778,5
6779,27
6780,30
6781,28
6782,3
6783,3
6784,15
6785,13
6786,18
6787,20
6788,21
6789,20
6790,22
6791,29
6792,27
6793,19
6794,11
6795,12
6796,15
6797,27
6798,29
6799,20
6800,10
6801,10
6802,6
6803,7
6804,11
6805,13
6806,14
6807,30
6808,30
6809,10
6810,18
6811,3
6812,37
6813,38
6814,40
6815,37
6816,34
6817,43
6818,42
6819,46
6820,41
6821,38
6822,50
6823,53
6824,25
6825,22
6826,21
6827,9
6828,12
6829,15
6830,11
6831,13
6832,15
6833,15
6834,16
6835,15
6836,16
6837,15
6838,15
6839,15
6840,16
6841,16
6842,17
6843,18
6844,18
6845,20
6846,20
6847,20
6848,21
6849,17
6850,17
6851,15
6852,31
6853,26
6854,22
6855,15
6856,15
6857,15
6858,16
6859,16
6860,16
6861,16
6862,15
6863,16
6864,16
6865,16
6866,16
6867,16
6868,21
6869,27
6870,38
6871,38
6872,43
6873,48
6874,13
6875,17
6876,20
6877,21
6878,21
6879,6
6880,14
6881,15
6882,14
6883,16
6884,20
6885,16
6886,20
6887,47
6888,12
6889,8
6890,9
6891,15
6892,16
6893,28
6894,30
6895,21
6896,15
6897,16
6898,15
6899,15
6900,15
6901,15
6902,15
6903,4
6904,5
6905,8
6906,27
6907,12
6908,2
6909,16
6910,15
6911,23
6912,15
6913,16
6914,17
6915,23
6916,12
6917,12
6918,14
6919,6
6920,4
6921,14
6922,17
6923,18
6924,13
6925,15
6926,17
6927,17
6928,17
6929,18
6930,17
6931,13
6932,13
6933,12
6934,14
6935,13
6936,13
6937,13
6938,11
6939,11
6940,11
6941,18
6942,15
6943,16
6944,16
6945,19
6946,15
6947,17
6948,7
6949,7
6950,8
6951,7
6952,7
6953,7
6954,9
6955,11
6956,8
6957,7
6958,6
6959,6
6960,7
6961,6
6962,11
6963,7
6964,8
6965,9
6966,10
6967,8
6968,8
6969,12
6970,19
6971,15
6972,16
6973,18
6974,13
6975,15
6976,16
6977,17
6978,17
6979,17
6980,10
6981,13
6982,12
6983,14
6984,15
6985,14
6986,17
6987,18
6988,9
6989,10
6990,12
6991,17
6992,20
6993,36
6994,34
6995,28
6996,23
6997,25
6998,30
6999,35
7000,26
7001,28
7002,27
7003,39
7004,38
7005,38
7006,39
7007,41
7008,37
7009,39
7010,30
7011,27
7012,38
7013,37
7014,33
7015,35
7016,36
7017,25
7018,37
7019,26
7020,25
7021,35
7022,31
7023,31
7024,28
7025,27
7026,33
7027,29
7028,28
7029,29
7030,27
7031,30
7032,30
7033,28
7034,31
7035,27
7036,30
7037,34
7038,31
7039,35
7040,33
7041,33
7042,32
7043,32
7044,36
7045,33
7046,31
7047,35
7048,37
7049,33
7050,36
7051,35
7052,34
7053,35
7054,23
7055,23
7056,28
7057,24
7058,20
7059,20
7060,22
7061,24
7062,27
7063,19
7064,21
7065,26
7066,25
7067,20
7068,20
7069,19
7070,29
7071,28
7072,30
7073,24
7074,18
7075,31
7076,28
7077,28
7078,30
7079,29
7080,24
7081,18
7082,21
7083,20
7084,15
7085,19
7086,22
7087,20
7088,19
7089,22
7090,16
7091,16
7092,14
7093,15
7094,12
7095,9
7096,7
7097,7
7098,8
7099,12
7100,16
7101,7
7102,8
7103,7
7104,5
7105,16
7106,19
7107,15
7108,14
7109,15
7110,16
7111,26
7112,18
7113,24
7114,26
7115,32
7116,26
7117,28
7118,27
7119,28
7120,26
7121,27
7122,28
7123,29
7124,29
7125,27
7126,13
7127,15
7128,16
7129,21
7130,20
7131,17
7132,17
7133,18
7134,25
7135,15
7136,24
7137,15
7138,19
7139,25
7140,24
7141,23
7142,23
7143,19
7144,23
7145,22
7146,23
7147,16
7148,21
7149,27
7150,32
7151,32
7152,30
7153,26
7154,25
7155,23
7156,23
7157,15
7158,20
7159,23
7160,24
7161,21
7162,24
7163,22
7164,18
7165,23
7166,10
7167,13
7168,13
7169,14
7170,21
7171,15
7172,14
7173,28
7174,25
7175,25
7176,25
7177,25
7178,22
7179,18
7180,19
7181,18
7182,20
7183,18
7184,19
7185,19
7186,19
7187,16
7188,16
7189,21
7190,24
7191,20
7192,23
7193,20
7194,15
7195,12
7196,10
7197,17
7198,26
7199,21
7200,37
7201,35
7202,30
7203,22
7204,23
7205,22
7206,34
7207,33
7208,37
7209,38
7210,35
7211,38
7212,40
7213,37
7214,40
7215,28
7216,29
7217,27
7218,37
7219,34
7220,36
7221,38
7222,42
7223,38
7224,37
7225,37
7226,35
7227,24
7228,19
7229,22
7230,26
7231,28
7232,34
7233,34
7234,35
7235,34
7236,38
7237,33
7238,31
7239,32
7240,33
7241,29
7242,31
7243,28
7244,23
7245,37
7246,28
7247,37
7248,31
7249,29
7250,11
7251,13
7252,12
7253,14
7254,16
7255,26
7256,28
7257,33
7258,35
7259,46
7260,51
7261,52
7262,46
7263,39
7264,46
7265,41
7266,35
7267,25
7268,30
7269,35
7270,36
7271,34
7272,50
7273,47
7274,43
7275,48
7276,40
7277,38
7278,33
7279,27
7280,28
7281,34
7282,40
7283,25
7284,26
7285,30
7286,31
7287,37
7288,31
7289,32
7290,24
7291,34
7292,41
7293,44
7294,47
7295,25
7296,38
7297,41
7298,25
7299,47
7300,44
7301,48
7302,44
7303,28
7304,50
7305,42
7306,47
7307,43
7308,31
7309,31
7310,19
7311,25
7312,26
7313,28
7314,31
7315,27
7316,32
7317,22
7318,21
7319,23
7320,23
7321,41
7322,11
7323,9
7324,24
7325,22
7326,32
7327,40
7328,13
7329,15
7330,14
7331,18
7332,17
7333,26
7334,35
7335,30
7336,30
7337,28
7338,21
7339,18
7340,18
7341,21
7342,25
7343,22
7344,26
7345,25
7346,27
7347,26
7348,23
7349,21
7350,24
7351,22
7352,24
7353,27
7354,26
7355,27
7356,24
7357,23
7358,15
7359,18
7360,25
7361,25
7362,27
7363,26
7364,10
7365,10
7366,11
7367,8
7368,7
7369,7
7370,11
7371,12
7372,14
7373,13
7374,15
7375,17
7376,21
7377,14
7378,15
7379,15
7380,13
7381,14
7382,15
7383,15
7384,15
7385,14
7386,14
7387,14
7388,18
7389,19
7390,18
7391,20
7392,13
7393,13
7394,5
7395,7
7396,15
7397,7
7398,8
7399,7
7400,10
7401,14
7402,17
7403,18
7404,18
7405,18
7406,17
7407,19
7408,24
7409,19
7410,16
7411,19
7412,19
7413,15
7414,13
7415,21
7416,21
7417,21
7418,15
7419,16
7420,15
7421,13
7422,11
7423,23
7424,19
7425,16
7426,19
7427,18
7428,7
7429,20
7430,23
7431,23
7432,21
7433,23
7434,27
7435,27
7436,24
7437,22
7438,24
7439,21
7440,18
7441,19
7442,21
7443,21
7444,22
7445,24
7446,24
7447,21
7448,18
7449,13
7450,15
7451,16
7452,15
7453,9
7454,11
7455,9
7456,9
7457,8
7458,8
7459,15
7460,10
7461,14
7462,12
7463,13
7464,10
7465,14
7466,16
7467,14
7468,12
7469,13
7470,11
7471,13
7472,13
7473,13
7474,13
7475,11
7476,12
7477,12
7478,12
7479,11
7480,11
7481,16
7482,13
7483,11
7484,13
7485,12
7486,11
7487,18
7488,18
7489,17
7490,17
7491,17
7492,17
7493,17
7494,16
7495,15
7496,16
7497,17
7498,18
7499,19
7500,17
7501,16
7502,16
7503,15
7504,16
7505,15
7506,16
7507,18
7508,17
7509,21
7510,22
7511,16
7512,13
7513,10
7514,19
7515,20
7516,22
7517,6
7518,8
7519,13
7520,17
7521,21
7522,13
7523,13
7524,13
7525,14
7526,14
7527,14
7528,15
7529,16
7530,14
7531,17
7532,20
7601,13
7533,21
7534,23
7535,22
7536,18
7537,22
7538,22
7539,26
7540,28
7541,27
7542,24
7543,20
7544,27
7545,26
7546,28
7547,26
7548,21
7549,18
7550,20
7551,23
7552,25
7553,14
7554,23
7555,9
7556,9
7557,10
7558,9
7559,9
7560,9
7561,6
7562,6
7563,6
7564,6
7565,5
7566,5
7567,5
7568,9
7569,10
7570,5
7571,4
7572,5
7573,5
7574,7
7575,14
7576,23
7577,17
7578,14
7579,20
7580,20
7581,20
7582,19
7583,20
7584,17
7585,24
7586,24
7587,23
7588,23
7589,21
7590,22
7591,24
7592,23
7593,20
7594,20
7595,19
7596,29
7597,13
7598,3
7599,34
7600,16
7602,15
7603,3
7604,22
7605,22
7606,10
7607,17
7608,7
7609,6
7610,5
7611,5
7612,13
7613,29
7614,25
7615,16
7616,25
7617,26
7618,6
7619,17
7620,25
7621,21
7622,4
7623,4
7624,11
7625,19
7626,14
7627,5
7628,5
7629,27
7630,23
7631,27
7632,11
7633,11
7634,11
7635,11
7636,10
7637,10
7638,11
7639,13
7640,17
7641,17
7642,19
7643,6
7644,9
7645,9
7646,19
7647,31
7648,32
7649,24
7650,11
7651,14
7652,15
7653,16
7654,15
7655,14
7656,20
7657,19
7658,20
7659,16
7660,11
7661,15
7662,12
7663,23
7664,22
7665,21
7666,22
7667,22
7668,23
7669,20
7670,18
7671,16
7672,16
7673,15
7674,15
7675,13
7676,13
7677,12
7678,20
7679,19
7680,19
7681,20
7682,15
7683,29
7684,27
7685,22
7686,22
7687,23
7688,21
7689,20
7690,21
7691,23
7692,20
7693,21
7694,21
7695,20
7696,19
7697,18
7698,18
7699,17
7700,16
7701,17
7702,16
7703,16
7704,17
7705,16
7706,16
7707,16
7708,4
7709,5
7710,16
7711,16
7712,15
7713,15
7714,16
7715,16
7716,15
7717,16
7718,15
7719,15
7720,15
7721,16
7722,16
7723,16
7724,16
7725,18
7726,18
7727,16
7728,16
7729,15
7730,16
7731,18
7732,19
7733,18
7734,9
7735,11
7736,12
7737,12
7738,12
7739,14
7740,12
7741,19
7742,23
7743,15
7744,18
7745,28
7746,25
7747,20
7748,17
7749,18
7750,18
7751,19
7752,20
7753,21
7754,24
7755,25
7756,23
7757,20
7758,4
7759,9
7760,5
7761,26
7762,26
7763,28
7764,27
7765,27
7766,27
7767,32
7768,32
7769,30
7770,26
7771,26
7772,25
7773,26
7774,12
7775,9
7776,13
7777,17
7778,20
7779,25
7780,27
7781,26
7782,25
7783,26
7784,30
7785,28
7786,9
7787,10
7788,11
7789,13
7790,16
7791,12
7792,13
7793,15
7794,13
7795,13
7796,12
7797,10
7798,10
7799,11
7800,13
7801,11
7802,17
7803,16
7804,14
7805,12
7806,12
7807,14
7808,15
7809,13
7810,19
7811,28
7812,25
7813,30
7814,26
7815,19
7816,18
7817,18
7818,14
7819,20
7820,20
7821,23
7822,20
7823,18
7824,13
7825,13
7826,12
7827,8
7922,18
7828,9
7829,7
7830,12
7831,15
7832,16
7833,16
7834,18
7835,21
7836,17
7837,22
7838,12
7839,13
7840,13
7841,13
7842,12
7843,13
7844,12
7845,16
7846,19
7847,21
7848,25
7849,14
7850,30
7851,30
7852,29
7853,24
7854,20
7855,19
7856,20
7857,29
7858,29
7859,34
7860,34
7861,31
7862,31
7863,34
7864,30
7865,29
7866,29
7867,30
7868,29
7869,20
7870,23
7871,29
7872,26
7873,27
7874,30
7875,28
7876,24
7877,34
7878,33
7879,31
7880,19
7881,21
7882,20
7883,20
7884,20
7885,27
7886,24
7887,26
7888,23
7889,20
7890,19
7891,17
7892,15
7893,14
7894,15
7895,18
7896,18
7897,13
7898,16
7899,20
7900,26
7901,26
7902,21
7903,18
7904,24
7905,21
7906,14
7907,29
7908,27
7909,26
7910,20
7911,24
7912,24
7913,28
7914,29
7915,26
7916,27
7917,26
7918,27
7919,15
7920,17
7921,18
7923,17
7924,22
7925,23
7926,24
7927,30
7928,30
7929,27
7930,24
7931,25
7932,26
7933,24
7934,25
7935,22
7936,24
7937,17
7938,30
7939,31
7940,28
7941,25
7942,31
7943,32
7944,29
7945,28
7946,10
7947,12
7948,16
7949,16
7950,15
7951,13
7952,10
7953,8
7954,8
7955,8
7956,7
7957,16
7958,18
7959,8
7960,8
7961,8
7962,9
7963,7
7964,15
7965,12
7966,16
7967,18
7968,18
7969,18
7970,18
7971,19
7972,17
7973,13
7974,19
7975,9
7976,13
7977,18
7978,20
7979,19
7980,22
7981,21
7982,14
8047,23
7983,22
7984,19
7985,19
7986,19
7987,25
7988,24
7989,23
7990,25
7991,27
7992,22
7993,25
7994,25
7995,25
7996,24
7997,24
7998,25
7999,28
8000,25
8001,22
8002,18
8003,18
8004,24
8005,25
8006,24
8007,20
8008,18
8009,22
8010,22
8011,22
8012,25
8013,27
8014,25
8015,22
8016,20
8017,20
8018,24
8019,23
8020,23
8021,22
8022,22
8023,23
8024,19
8025,22
8026,15
8027,20
8028,20
8029,14
8030,15
8031,13
8032,11
8033,16
8034,15
8035,16
8036,20
8037,16
8038,17
8039,18
8040,17
8041,22
8042,22
8043,21
8044,24
8045,23
8046,17
8048,21
8049,38
8050,32
8051,15
8052,23
8053,28
8054,28
8055,23
8056,24
8057,23
8058,19
8059,17
8060,33
8061,38
8062,37
8063,35
8064,36
8065,30
8066,18
8067,20
8068,22
8069,24
8070,22
8071,35
8072,18
8073,35
8074,36
8075,33
8076,30
8077,29
8078,22
8079,17
8080,17
8081,24
8082,27
8083,25
8084,24
8085,24
8086,23
8087,19
8088,19
8089,19
8090,20
8091,21
8092,21
8093,24
8094,18
8095,19
8096,21
8097,23
8098,20
8099,22
8100,22
8101,19
8102,22
8103,25
8104,25
8105,28
8106,27
8107,26
8108,23
8109,25
8110,25
8111,27
8112,27
8113,27
8114,22
8115,20
8116,24
8117,25
8118,25
8119,19
8120,17
8121,19
8122,21
8123,19
8124,16
8125,16
8126,15
8127,13
8128,10
8129,8
8130,26
8131,21
8132,18
8133,18
8134,15
8135,18
8136,18
8137,21
8138,20
8139,7
8140,8
8141,12
8142,8
8143,18
8144,19
8145,18
8146,25
8147,20
8148,21
8149,23
8150,27
8151,27
8152,32
8153,37
8154,39
8155,42
8156,26
8157,13
8158,36
8159,23
8160,34
8161,41
8162,32
8163,33
8164,34
8165,32
8166,35
8167,35
8168,45
8169,42
8170,41
8171,42
8172,29
8173,41
8174,40
8175,38
8176,41
8177,38
8178,40
8179,36
8180,36
8181,27
8182,20
8183,23
8184,23
8185,25
8186,23
8187,21
8188,20
8189,12
8190,16
8191,23
8192,22
8193,19
8194,19
8195,20
8196,23
8197,25
8198,25
8199,13
8200,41
8201,40
8202,37
8203,37
8204,31
8205,29
8206,28
8207,26
8208,26
8209,26
8210,40
8211,47
8212,44
8213,42
8214,32
8215,34
8216,30
8217,32
8218,31
8219,39
8220,39
8221,44
8222,27
8223,32
8224,22
8225,23
8226,36
8227,35
8228,18
8229,18
8230,18
8231,18
8232,18
8233,19
8234,17
8235,16
8236,18
8237,11
8238,9
8239,10
8240,15
8241,15
8242,13
8243,12
8244,13
8245,12
8246,18
8247,23
8248,26
8249,31
8250,32
8251,31
8252,25
8253,33
8254,36
8255,33
8256,32
8257,34
8258,31
8259,27
8260,24
8261,20
8262,23
8263,11
8264,15
8265,22
8266,18
8267,16
8268,17
8269,28
8270,27
8271,27
8272,27
8273,22
8274,23
8275,22
8276,22
8277,25
8278,22
8279,20
8280,15
8281,16
8282,19
8283,23
8284,24
8285,24
8286,28
8287,27
8288,28
8289,25
8290,25
8291,21
8292,22
8293,19
8294,16
8295,16
8296,17
8297,15
8298,23
8299,23
8300,22
8301,26
8302,26
8303,25
8304,21
8305,21
8306,21
8307,17
8308,13
8309,18
8342,18
8310,11
8311,16
8312,15
8313,16
8314,16
8315,18
8316,12
8317,20
8318,17
8319,16
8320,17
8321,16
8322,16
8323,18
8324,19
8325,18
8326,17
8327,19
8328,19
8329,19
8330,15
8331,15
8332,15
8333,14
8334,13
8335,22
8336,18
8337,19
8338,16
8339,17
8340,18
8341,15
8343,27
8344,24
8345,25
8346,21
8347,27
8348,18
8349,15
8350,15
8351,21
8352,26
8353,30
8354,29
8355,26
8356,16
8357,20
8358,22
8359,16
8360,17
8361,16
8362,16
8363,16
8364,15
8365,12
8366,15
8367,14
8368,15
8369,15
8370,18
8371,16
8372,19
8373,21
8374,18
8375,15
8376,15
8377,23
8378,27
8379,21
8380,16
8381,17
8382,15
8383,15
8384,19
8385,19
8386,19
8387,18
8388,12
8389,12
8390,20
8391,17
8392,13
8393,21
8394,20
8395,18
8396,26
8397,20
8398,22
8399,20
8400,20
8401,20
8402,15
8403,21
8404,18
8405,15
8406,22
8407,20
8408,13
8409,21
8410,23
8411,23
8412,23
8413,24
8414,24
8415,21
8416,22
8417,24
8418,22
8419,21
8420,18
8421,13
8422,22
8423,16
8424,13
8425,13
8426,13
8427,13
8428,13
8429,13
8430,13
8431,13
8432,13
8433,13
8434,13
8435,13
8436,13
8437,13
8438,13
8439,14
8440,13
8441,10
8442,12
8443,21
8444,17
8445,20
8446,12
8447,13
8448,13
8449,14
8450,13
8451,14
8452,14
8453,14
8454,14
8455,13
8456,13
8457,14
8458,14
8459,13
8460,21
8461,18
8462,14
8463,13
8464,14
8465,18
8466,23
8467,22
8468,22
8469,19
8470,22
8471,9
8472,8
8473,7
8474,6
8475,6
8542,33
8476,7
8477,7
8478,38
8479,36
8480,33
8481,31
8482,30
8483,26
8484,28
8485,32
8486,32
8487,31
8488,27
8489,20
8490,29
8491,17
8492,20
8493,20
8494,22
8495,33
8496,19
8497,16
8498,16
8499,14
8500,15
8501,11
8502,7
8503,8
8504,16
8505,21
8506,22
8507,24
8508,8
8509,8
8510,7
8511,25
8512,20
8513,18
8514,20
8515,23
8516,22
8517,12
8518,16
8519,28
8520,37
8521,21
8522,16
8523,17
8524,13
8525,14
8526,16
8527,14
8528,16
8529,16
8530,8
8531,13
8532,23
8533,24
8534,20
8535,24
8536,28
8537,40
8538,13
8539,22
8540,22
8541,36
8543,35
8544,39
8545,38
8546,36
8547,32
8548,27
8549,27
8550,28
8551,26
8552,24
8553,23
8554,19
8555,19
8556,17
8557,19
8558,22
8559,17
8560,13
8561,14
8562,19
8563,20
8564,20
8565,26
8566,25
8567,25
8568,8
8569,15
8570,20
8571,19
8572,25
8573,29
8574,8
8575,15
8576,17
8577,12
8578,18
8579,17
8580,17
8581,24
8582,24
8583,21
8584,20
8585,16
8586,13
8587,9
8588,11
8589,11
8590,11
8591,11
8592,10
8593,11
8594,11
8595,16
8596,11
8597,18
8598,23
8599,23
8600,21
8601,26
8602,25
8603,28
8604,29
8605,29
8606,30
8607,26
8608,26
8609,28
8610,29
8611,31
8612,27
8613,28
8614,29
8615,34
8616,36
8617,32
8618,32
8619,26
8620,23
8621,21
8622,29
8623,33
8624,27
8625,32
8626,35
8627,26
8628,27
8629,28
8630,27
8631,27
8632,31
8633,29
8634,33
8635,33
8636,36
8637,32
8638,32
8639,30
8640,31
8641,33
8642,44
8643,45
8644,41
8645,39
8646,32
8647,33
8648,31
8649,31
8650,26
8651,24
8652,31
8653,35
8654,35
8655,35
8656,37
8657,29
8658,33
8659,39
8660,38
8661,42
8662,42
8663,20
8664,18
8665,20
8666,21
8667,25
8855,24
8668,25
8669,19
8670,21
8671,21
8672,20
8673,23
8674,20
8675,18
8676,16
8677,15
8678,22
8679,21
8680,19
8681,17
8682,22
8683,21
8684,25
8685,26
8686,19
8687,14
8688,10
8689,13
8690,15
8691,15
8692,15
8693,18
8694,16
8695,16
8696,18
8697,16
8698,14
8699,15
8700,16
8701,18
8702,18
8703,17
8704,18
8705,16
8706,13
8707,15
8708,14
8709,14
8710,16
8711,13
8712,47
8713,44
8714,39
8715,40
8716,39
8717,40
8718,38
8719,38
8720,41
8721,41
8722,40
8723,34
8724,30
8725,33
8726,37
8727,32
8728,31
8729,19
8730,21
8731,18
8732,21
8733,22
8734,22
8735,23
8736,36
8737,19
8738,17
8739,16
8740,14
8741,16
8742,16
8743,14
8744,13
8745,15
8746,13
8747,13
8748,14
8749,12
8750,11
8751,12
8752,14
8753,18
8754,15
8755,18
8756,18
8757,20
8758,14
8759,21
8760,18
8761,14
8762,15
8763,19
8764,20
8765,19
8766,20
8767,25
8768,22
8769,17
8770,15
8771,18
8772,20
8773,22
8774,21
8775,16
8776,17
8777,17
8778,19
8779,18
8780,14
8781,14
8782,16
8783,17
8784,18
8785,12
8786,11
8787,18
8788,17
8789,18
8790,11
8791,13
8792,14
8793,15
8794,14
8795,17
8796,16
8797,16
8798,15
8799,13
8800,16
8801,14
8802,20
8803,19
8804,18
8805,22
8806,15
8807,14
8808,19
8809,18
8810,17
8811,17
8812,13
8813,17
8814,19
8815,18
8816,18
8817,19
8818,21
8819,18
8820,15
8821,14
8822,15
8823,18
8824,19
8825,15
8826,26
8827,30
8828,30
8829,17
8830,19
8831,21
8832,31
8833,31
8834,31
8835,20
8836,20
8837,17
8838,19
8839,18
8840,18
8841,20
8842,21
8843,21
8844,23
8845,19
8846,25
8847,22
8848,18
8849,22
8850,23
8851,24
8852,24
8853,22
8854,22
8856,27
8857,23
8858,13
8859,23
8860,25
8861,23
8862,22
8863,20
8864,21
8865,23
8866,24
8867,25
8868,10
8869,9
8870,17
8871,19
8872,20
8873,18
8874,18
8875,23
8876,20
8877,19
8878,25
8879,26
8880,27
8881,25
8882,23
8883,21
8884,26
8885,24
8886,26
8887,19
8888,21
8889,24
8890,26
8891,21
8892,24
8893,21
8894,23
8895,24
8896,20
8897,23
8898,23
8899,14
8900,12
8901,9
8902,15
8903,21
8904,20
8905,20
8906,19
8907,13
8908,14
8909,14
8910,14
8911,16
8912,19
8913,8
8914,7
8915,15
8916,12
8917,19
8918,20
8919,21
8920,20
8921,17
8922,20
8923,19
8924,19
8925,20
8926,17
8927,19
8928,17
8929,17
8930,17
8931,16
8932,18
8933,18
8934,16
8935,17
8936,16
8937,18
8938,19
8939,16
8940,16
8941,16
8942,20
8943,25
8944,23
8945,19
8946,24
8947,20
8948,24
8949,24
8950,25
8951,23
8952,24
8953,25
8954,23
8955,23
8956,23
8957,21
8958,22
8959,20
8960,26
8961,20
8962,24
8963,24
8964,21
8965,25
8966,20
8967,16
8968,16
8969,17
8970,18
8971,20
8972,24
8973,21
8974,17
8975,16
8976,21
8977,21
8978,15
8979,11
8980,12
8981,15
8982,16
8983,19
8984,17
8985,17
8986,9
8987,16
8988,23
8989,14
8990,22
8991,23
8992,21
8993,24
8994,12
8995,10
8996,9
8997,26
8998,12
8999,26
9000,24
9001,19
9002,16
9003,15
9004,13
9005,29
9006,28
9007,35
9008,36
9009,43
9010,41
9011,20
9012,18
9013,38
9014,32
9015,29
9016,28
9017,28
9018,26
9019,20
9020,16
9021,14
9022,17
9023,14
9024,17
9025,32
9026,31
9027,37
9028,39
9029,38
9030,31
9031,26
9032,22
9033,33
9034,28
9035,40
9036,42
9037,42
9038,40
9039,43
9040,34
9041,37
9042,40
9043,29
9044,24
9045,34
9046,33
9047,24
9048,21
9049,22
9050,28
9051,31
9052,41
9053,42
9054,40
9055,41
9056,33
9057,33
9058,37
9059,31
9060,41
9061,34
9062,32
9063,40
9064,28
9065,27
9066,24
9067,25
9068,24
9069,24
9070,25
9071,22
9072,24
9073,22
9074,18
9075,21
9076,22
9077,15
9078,11
9079,8
9080,8
9081,12
9082,12
9083,8
9084,12
9085,10
9116,11
9086,10
9087,12
9088,10
9089,9
9090,14
9091,12
9092,7
9093,7
9094,13
9095,13
9096,7
9097,15
9098,14
9099,7
9100,13
9101,10
9102,10
9103,7
9104,13
9105,10
9106,10
9107,11
9108,13
9109,14
9110,9
9111,12
9112,13
9113,10
9114,12
9115,18
9117,18
9118,14
9119,9
9120,17
9121,18
9122,10
9123,17
9124,16
9125,19
9126,11
9127,7
9128,17
9129,7
9130,16
9131,17
9132,20
9133,22
9134,22
9135,23
9136,23
9137,20
9138,20
9139,24
9140,26
9141,19
9142,18
9143,18
9144,14
9145,10
9146,15
9147,16
9148,15
9149,16
9150,16
9151,15
9152,15
9153,12
9154,12
9155,15
9156,18
9157,27
9158,31
9159,27
9160,26
9161,35
9162,40
9163,40
9164,32
9165,36
9166,35
9167,16
9168,16
9169,36
9170,39
9171,32
9172,33
9173,41
9174,40
9175,38
9176,38
9177,36
9178,26
9179,20
9180,18
9181,13
9182,34
9183,33
9184,34
9185,29
9186,31
9187,12
9188,29
9189,29
9190,30
9191,28
9192,23
9193,19
9194,16
9195,20
9196,35
9197,32
9198,18
9199,20
9200,16
9201,15
9202,14
9203,16
9204,17
9205,17
9206,15
9207,17
9208,15
9209,15
9210,15
9211,17
9212,17
9213,18
9214,18
9215,21
9216,21
9217,21
9218,16
9219,18
9220,22
9221,28
9222,29
9223,35
9224,36
9225,30
9226,27
9227,27
9228,30
9229,27
9230,28
9231,30
9232,30
9233,28
9234,24
9235,22
9236,27
9237,27
9238,23
9239,21
9240,29
9241,21
9242,33
9243,31
9244,23
9245,23
9246,17
9247,16
9248,17
9249,18
9250,19
9251,23
9252,25
9253,23
9254,22
9255,27
9256,26
9257,24
9258,19
9259,18
9260,23
9261,23
9262,23
9263,19
9264,22
9265,25
9266,24
9267,21
9268,22
9269,22
9270,21
9271,25
9272,23
9273,24
9274,22
9275,23
9276,24
9277,28
9278,27
9279,23
9280,25
9281,26
9282,27
9283,23
9284,27
9285,23
9286,26
9287,26
9288,26
9289,24
9290,24
9291,25
9292,25
9293,14
9294,25
9295,19
9296,9
9297,8
9298,7
9299,2
9300,11
9301,11
9302,9
9303,7
9304,3
9305,25
9306,25
9307,22
9308,21
9309,19
9310,10
9311,14
9312,10
9313,18
9314,27
9315,27
9316,29
9317,29
9318,28
9319,25
9320,26
9321,24
9322,22
9323,20
9324,19
9325,18
9326,13
9327,14
9328,9
9329,9
9330,12
9331,15
9332,15
9333,17
9334,20
9335,34
9336,31
9337,33
9338,35
9339,36
9340,34
9341,36
9342,36
9343,35
9344,32
9345,29
9346,33
9347,33
9348,34
9349,35
9350,35
9351,36
9352,28
9353,38
9354,32
9355,12
9356,19
9357,19
9358,22
9359,21
9360,24
9361,22
9362,18
9363,27
9364,31
9365,8
9366,30
9367,25
9368,42
9369,44
9370,37
9371,45
9372,42
9373,46
9374,46
9375,46
9376,41
9377,42
9378,40
9379,41
9380,44
9381,45
9382,44
9383,46
9384,44
9385,41
9386,39
9387,35
9388,37
9389,40
9390,41
9391,30
9392,32
9393,24
9394,34
9395,38
9396,40
9397,38
9398,35
9399,34
9400,30
9401,30
9402,35
9403,45
9404,44
9405,33
9406,24
9407,44
9408,44
9409,13
9410,11
9411,15
9412,9
9413,28
9414,24
9415,13
9416,29
9417,27
9418,32
9419,38
9420,36
9421,34
9422,37
9423,34
9424,35
9425,34
9426,34
9427,34
9428,33
9429,29
9430,29
9431,11
9432,9
9433,22
9434,20
9435,23
9436,22
9437,22
9438,20
9439,13
9440,34
9441,33
9442,41
9443,37
9444,43
9445,40
9446,28
9447,26
9448,23
9449,22
9450,15
9451,41
9452,40
9453,34
9454,27
9455,29
9456,32
9457,36
9458,33
9459,34
9460,34
9461,35
9462,41
9463,38
9464,22
9465,18
9466,25
9467,25
9468,25
9469,22
9470,20
9471,18
9472,22
9473,29
9474,34
9475,37
9476,37
9477,34
9478,25
9479,25
9480,24
9481,23
9482,19
9483,19
9484,24
9485,32
9486,34
9487,33
9488,20
9489,21
9490,23
9491,25
9492,24
9493,22
9494,22
9495,20
9496,22
9497,24
9498,24
9499,19
9500,18
9501,19
9502,19
9503,20
9504,26
9505,28
9506,28
9507,27
9508,35
9509,11
9510,35
9511,23
9512,19
9513,35
9514,38
9515,38
9516,38
9517,31
9518,30
9519,29
9520,20
9521,20
9522,21
9523,19
9524,20
9525,10
9526,11
9527,15
9528,15
9529,10
9530,19
9531,21
9532,21
9533,17
9534,17
9535,11
9536,18
9537,15
9538,21
9539,27
9540,26
9541,39
9542,43
9543,23
9544,37
9545,37
9546,31
9547,29
9548,21
9549,26
9550,38
9551,12
9552,7
9553,5
9554,5
9555,7
9556,32
9557,23
9558,17
9559,16
9560,19
9561,23
9562,21
9563,22
9564,24
9565,21
9566,20
9567,19
9568,21
9569,21
9570,18
9571,10
9572,10
9573,5
9574,11
9575,16
9576,19
9577,19
9578,19
9579,18
9580,13
9581,13
9582,16
9583,9
9584,9
9585,8
9586,6
9587,17
9588,8
9589,9
9590,9
9591,9
9592,18
9593,16
9594,16
9595,16
9596,17
9597,15
9598,16
9599,16
9600,16
9601,14
9602,11
9603,5
9604,6
9605,7
9606,9
9607,15
9608,12
9609,18
9610,16
9611,13
9612,14
9613,13
9614,14
9615,12
9616,12
9617,11
9618,9
9619,10
9620,11
9621,11
9622,9
9623,10
9624,7
9625,6
9626,5
9627,11
9628,11
9629,9
9630,8
9631,10
9632,14
9633,5
9634,6
9635,19
9636,9
9637,11
9638,13
9639,14
9640,18
9641,18
9642,18
9643,14
9644,16
9645,16
9646,15
9647,12
9648,19
